ECM, ETN, Assy, SW_ECM, SW_ETN, SWAssy,
596684LL2141, ETN226372, AL231205, 618754LL2169, ETN245172, AL232749,
596684LL2141, , , 618754LL2169, , ,
596684LL2141, ETN228667, AL231395, 618754LL2169, , ,
596684LL2141, ETN226373, AL231206, 618754LL2169, , ,
596684LL2141, , , 618754LL2169, , ,
596684LL2141, , , 618754LL2169, , ,
596684LL2141, ETN228669, AL231396, 618754LL2169, , ,
596684LL2141, ETN226374, AL231207, 618754LL2169, ETN245171, AL232745,
596684LL2141, , , , , ,
596684LL2141, ETN228670, AL231397, , , ,
596684LL2141, ETN216323, RE592971, D, , , 
596684LL2141, , , , , ,
596684LL2141, ETN228674, AL231398, , , ,
596684LL2141, , , , , ,
596684LL2141, ETN191385, RE590374, 613502LL2141, ETN241151, RE590374,
596684LL2141, , , , , ,
596684LL2141, , , , , ,
596684LL2141, ETN226375, AL231208, 613494LL2169, ETN241296, AL232385,
596684LL2141, , , , , ,
596684LL2141, , , , , ,
596684LL2141, , , , , ,
596684LL2141, , , , , ,
596684LL2141, , , , , ,
596684LL2141, ETN187371, , , , ,
596684LL2141, ETN169675, , , , ,
596684LL2141, ETN169676, , , , ,
596684LL2141, ETN190946, , , , ,
596684LL2141, , , , , ,
596684LL2141, , , , , ,
596684LL2141, , , 613494LL2169, ETN178964, ,
